"ISO_Alpha_3","I_1","I_2","I_3","I_4","I_5","I_6","I_7","I_8","I_9","I_10","I_11","I_13","I_15","I_16","I_17","I_18","I_19","I_20","I_21","I_22","I_23","I_24","I_25","I_26"
"ABW",NA,NA,106,NA,NA,0.42,NA,0,3.466,NA,NA,0.53,NA,NA,0,NA,0,NA,0.042704398,0.072793167,2005,0,NA,NA
"AFG",NA,0.038809,85.1,0.497444762,0.794760317,1350,29624.03,1000,NA,95480,117.9460318,0.1,26.8,0,6.25,NA,0.238904,0.9938,0.00521862,0.0046472,3518409,0,4.70930476,NA
"AGO",NA,0.093829567,83.7,2.547947276,0.934734078,57856,35168.96,38514,3.175,18877,81.37655009,6.97,14.2,0,26.09,37,0.499349,0.9922,0.058864659,0.003754714,5540785,0.002925839,4.777115573,NA
"AIA",NA,0.227570333,100.4,NA,NA,5.5,NA,0,3.319,NA,NA,5.85,NA,NA,0,NA,0,NA,0.051533618,0.0476245,0,0,NA,NA
"ALB",NA,0.297917,85.6,1.177220906,2.207133346,771.5,2688.46,1482,3.406,30547,55.5136126,17.21,2.5,12,37.5,18,0.252859,0.988,0.054546289,0.050233556,1180010,0.000437157,6.414175987,NA
"AND",NA,0.349192667,89.5,NA,NA,16,NA,0,NA,0,NA,21.19,2.5,0,0,NA,0.229642,NA,0.169948783,0.207729889,0,0.00011407,NA,NA
"ARE",NA,NA,84.1,0.681456275,10.97525539,322.6,6537.72,0,2.5345,23340,10.40394296,13.07,2.5,0,NA,NA,0.387456,0.9875,0.140321359,0.106782667,18578,NA,2.321589061,NA
"ARG",448514,0.207726667,73.5,6.924378978,3.143857654,27112,230194.33,30600,2.512,780262,105.4015366,8.89,2.5,0,14.6,32,0.42166,0.9795,0.075389806,0.046229571,18261000,0.004611081,2.387180638,415412
"ARM",NA,0.130058933,86.9,0.885107495,2.232983962,332,2688.95,8140,NA,16268,NA,23.11,5.8,0,10.53,33,0.291108,0.9949,0.099063752,0.042412833,1547000,5.91e-06,4.333065657,1770.4
"ASM",NA,0.291512333,NA,NA,NA,17.543,NA,0,2.973,NA,NA,4.27,NA,NA,42.86,NA,0,NA,0.17,0.027778,NA,NA,NA,NA
"ATF",NA,0.113784733,NA,NA,NA,NA,NA,0,NA,NA,NA,97.83,NA,NA,NA,NA,0.170214,NA,NA,NA,NA,NA,NA,NA
"ATG",NA,0.252332667,95.8,NA,NA,9.8,24.64,0,3.669,20,NA,19.33,NA,0,0,NA,0.0812663,NA,0.093232408,0.072165167,NA,0.000460969,NA,NA
"AUS",1235677,0.206301667,66.2,16.56791129,9.305707226,124751,119543.57,30324,3.83833333333333,1404600,63.42230442,16.98,2.5,5,26.23,15,0.473554,0.9915,0.151999899,0.044943286,30044000,0.006182603,1.285488002,NA
"AUT",587,0.367310333,93.9,3.067703324,6.063146292,3869,5556.16,350,NA,86000,75.23907019,28.44,2.5,50,9.09,3,0.325919,0.9898,0.131653296,0.15028,17088560,0.001830633,8.553078407,6701.733333
"AZE",NA,0.118168333,86.2,0.849343643,2.309902639,1139.4,10371.33,568,NA,36644,NA,10.15,2.5,0,3.77,31,0.221007,0.9973,0.142132735,0.022140167,425300,2.11e-05,3.989118667,NA
"BDI",NA,0.163519667,96.1,0.315587738,0.621421204,276,8299.46,20120,NA,5562,81.21591387,7.59,NA,0,40,52,0.225569,0.9938,0.097669874,0.008054125,6624000,0.002711869,4.943534851,187.74
"BEL",23259,0.281589333,87,1.186619847,7.439414849,683.4,6493.85,283,3.266,189591,52.71970161,23.21,2.5,55,16.22,1,0.201169,0.9829,0.17,0.267147,5412140,0.003952128,14.49880477,12356.90667
"BEN",NA,0.098051067,88.7,0.876667272,1.41032762,4311,18981.41,20770,2.956,13348,128.2529068,28.87,7.5,0,66.67,81,0.425273,0.9909,0.167315495,0.0898025,6955050,0.003549882,5.215249616,NA
"BES",NA,0.314251667,NA,NA,NA,NA,NA,NA,3.684,NA,NA,31.9,NA,NA,22.22,NA,0.0446551,NA,0.169994816,0.036101857,NA,0,NA,NA
"BFA",NA,NA,88.5,0.983452056,1.205891124,5350,80790.27,20750,NA,48363,75.01716032,15.08,20.7,0,60,76,0.440549,0.9904,0.151191912,0.0243628,14691146,0,3.718562157,NA
"BGD",NA,0.180856333,80.6,0.376778451,0.721982078,1429,140128.37,1023991,2.601,1230260,39.70940879,4.61,16.4,0,10.53,22,0.335471,0.9951,0.040091053,0.0366436,26944413,0.006537193,19.64558272,29635.30667
"BGR",561685,0.189533,87.1,2.857587621,3.319070739,3823,18996.76,86,3.83,373045,36.8876837,34.69,2.5,41,87.18,11,0.321425,0.989,0.17,0.047864889,5570040,0.001762085,8.178956173,NA
"BHR",NA,NA,98,0.578061115,7.48893949,0.604,135.21,0,2.819,610,NA,6.7,NA,0,0,NA,0,NA,0.034928571,0.133464333,6944,NA,NA,NA
"BHS",NA,0.296026667,85.4,9.546470579,6.840018053,515,NA,0,2.917,0,NA,31.2,NA,0,2.04,99,0.317514,0.9996,0.111680384,0.058360286,50574,0.00358729,2.069170078,NA
"BIH",1495526,0.348178667,91.2,1.633613152,3.120152087,2185,6329.8,300,2.795,93685,NA,1.45,2.5,0,12,54,0.188062,0.9922,0.018924107,0.044188556,4152200,0.000218401,7.831457637,NA
"BLM",NA,NA,105.2,NA,NA,0,NA,NA,2.725,NA,NA,35.86,NA,NA,33.33,NA,0.00789038,NA,0.17,0.076007333,NA,0.000117862,NA,NA
"BLR",8278669,0.378346333,86.1,3.637041892,5.08601711,8633.5,18188.53,869,NA,456100,NA,9.51,2.5,0,0,29,0.243626,0.9942,0.123419685,0.01872575,19568000,0.003721882,5.809615591,NA
"BLZ",197122,0.634341333,94.1,NA,NA,1366.3,12432.66,0,3.848,7193,40.81432814,37.68,6.2,0,0,86,0.464076,0.9571,0.169788162,0.114269143,167000,0.007018839,2.857831677,1703.373333
"BMU",NA,0.1371252,86,0.130948795,5.767768678,1,NA,0,4.186,NA,NA,5.52,2.5,NA,50,NA,0.00023933,NA,0.17,0.135975,NA,0,NA,NA
"BOL",890375,0.499290667,82.5,16.73263167,2.962567753,54764,31417.21,72754,NA,23700,65.64702408,30.87,15.9,0,26.79,56,0.51402,0.9833,0.146201672,0.022362571,3367208,0.002577053,2.595124028,81149.24667
"BRA",6176239,0.619249333,86.9,9.078978338,3.111643597,493538,658880.73,237719,3.97625,3871997,53.81813454,28.94,2.5,0,24.39,33,0.631132,0.9635,0.151937869,0.019556714,267653000,0.004281252,3.354866083,674365
"BRB",NA,NA,92.9,0.188089549,4.475031407,6.3,163.1,0,4.288,454,12.52534487,1.35,2.5,0,0,NA,0.0121805,NA,0.047004322,0.0927374,10878,0.000372619,NA,NA
"BRN",NA,0.723381667,98.9,2.871568604,4.058190959,380,181.34,0,3.006,243,NA,46.87,2.5,0,16.67,NA,0.220546,0.9863,0.169819916,0.0557886,118957,0.003327302,3.235441685,22.75333333
"BTN",NA,0.533975,97.5,5.270439333,4.844957693,2754.935,457.34,7,NA,986,NA,48.01,NA,4,8.7,54,0.407976,0.9977,0.169226918,0.051609,5184336,0.000289661,21.05061722,30.22666667
"BVT",NA,NA,NA,NA,NA,NA,NA,NA,3.574,NA,NA,86.96,NA,NA,NA,NA,NA,NA,NA,NA,NA,NA,NA,NA
"BWA",NA,NA,70.2,3.472217395,3.826143161,10840,3883.27,81,NA,21156,10.42646307,29.14,24.1,22,36.36,35,0.62671,0.9973,0.161991396,0.043695833,800906,0,2.284153169,NA
"CAF",NA,0.419814,81.8,7.867536676,1.244390627,22170,10993.16,28000,NA,226,45.57521461,18.06,47.7,0,62.5,69,0.520607,0.999,0.143060577,0.000423333,2545489,0.000580821,8.243351734,NA
"CAN",54091054,0.406853333,94.9,16.00668995,8.171821234,347069,147348.34,27964,3.704,2834601,85.05891799,9.69,2.5,0,2.47,13,0.430596,0.9874,0.121221789,0.0303347,153464371,0.006538281,1.504322186,147017.8
"CCK",NA,0.2132959,NA,NA,NA,NA,NA,NA,3.806,NA,NA,NA,NA,NA,100,NA,0,NA,NA,0.1666665,NA,NA,NA,NA
"CHE",606348,0.316334667,91,1.303122034,5.786640754,1254,2146.72,2023,NA,46827,41.74441635,9.65,2.5,30,NA,22,0.161753,0.9905,0.169990593,0.185851222,4709340,0.000500232,9.12984848,4152.426667
"CHL",2303158,0.315523,88.4,3.631091803,4.358704002,17735,12734.53,0,3.136,247971,25.78477613,18.4,2.5,0,7.75,12,0.42149,0.9922,0.114421548,0.04354675,58711789,0.005501442,1.083934146,53644.66667
"CHN",888080,0.173479333,82.2,0.94219311,3.383028183,208321.3,1416454.32,2281101,3.5,30911140,27.74846253,17.08,9.3,1,33.47,28,0.600319,0.9814,0.122759347,0.0075548,338106497,0.003013606,9.97612578,3628577.333
"CIV",NA,0.323262,92.2,1.779402608,1.273361206,10401,87158.07,8000,3.321,42941,62.68883521,22.88,13.3,0,11.76,25,0.345443,0.9547,0.169070943,0.007965167,11492542,0.010249186,4.71083907,NA
"CMR",940945,0.558424667,91.1,1.68927266,1.168764938,18816,46235.03,75000,2.35,24444,73.10416059,10.6,9.9,0,25,79,0.36371,0.9902,0.107844949,0.005639571,13508763,0.002510221,7.037801909,NA
"COD",NA,0.710534,95.5,3.068712618,0.816664469,152578,30067.13,227700,3.756,12561,74.86531981,12.7,NA,0,11.76,53,0.470749,0.9853,0.121359342,0.003632286,85899854,0.004657725,6.196203711,NA
"COG",2625003,0.666078,86.1,10.91347606,1.285698754,22334,2210.57,37320,2.607,291,66.77399142,40.59,30.5,0,44.44,31,0.421233,0.9955,0.16286402,0.003700714,3539990,0.001811862,6.572228909,NA
"COK",NA,0.272484333,NA,NA,NA,15.1,276.14,0,3.412,7,NA,1.55,NA,0,0,NA,7.1643e-05,NA,0.02230113,0.0113225,5000,NA,NA,NA
"COL",144025,0.748455333,88.4,3.596935389,1.873665896,58501.74,66645.45,315073,2.7505,608883,17.95908877,14.16,8.8,0,8.78,58,0.442898,0.9792,0.143266769,0.042248429,12753000,0.001720106,3.870213374,118037.8467
"COM",NA,0.364238667,96.9,0.324344181,1.027658601,37,7258.39,0,4.004,0,NA,10.17,NA,0,0,NA,0.0452657,0.9732,0.122712014,0.102186667,319012,0.003186292,0.98230356,NA
"CPV",NA,0.0213319,98.6,0.621189748,2.521763143,89.903,5218.35,0,4.146,0,NA,2.6,9.4,0,0,99,0.0939878,0.9999,0.043443524,0.126114667,207149,0,0.957383245,NA
"CRI",46677,0.574671,94.2,1.530589372,2.843098991,2756,6829.12,1000,3.685,89729,13.69041521,27.6,2.5,0,4.17,79,0.321152,0.9818,0.168065863,0.108464714,4592876,0.000843231,3.25770289,NA
"CUB",NA,0.369767667,85.7,0.763087701,1.954404163,3200,20521.98,1800,3.352,99687,44.37630739,16.55,2.5,0,28.57,48,0.335164,0.9971,0.134584621,0.047689714,1702000,0.001675376,2.656188339,NA
"CUW",NA,NA,NA,NA,NA,NA,NA,NA,4.33,NA,NA,15.52,NA,NA,0,NA,0.0491134,NA,0.169923637,0.040511833,NA,0.000171634,NA,NA
"CXR",NA,0.294931667,NA,NA,NA,NA,NA,NA,3.896,NA,NA,61.8,NA,NA,0,NA,0.0956724,NA,NA,0.1640625,17,NA,NA,NA
"CYM",NA,0.365352333,99.3,0.315528066,5.649751032,12.7,NA,0,3.565,NA,NA,10.72,NA,NA,20,NA,0.0216416,NA,0.17,0.071167,NA,5.39e-06,NA,NA
"CYP",NA,NA,85.8,0.341112226,4.212652729,172.7,1643.42,20,3.818,7150,22.7174655,18.65,2.5,18,17.65,NA,0.17306,0.9736,0.169236605,0.031343286,8810,0.000227916,3.066522896,1773.01
"CZE",49902,0.331841667,87.3,2.455170511,5.186767413,2667,11142.64,3841,NA,328627,50.10433997,21.69,2.5,64,45,20,0.335422,0.9913,0.17,0.116562222,15476000,0.002612088,10.81198522,10117.18
"DEU",1055073,0.302368,88.3,2.272419706,5.296289194,11419,60114.52,21349,3.758,1822800,72.84392229,37.68,2.5,75,32.9,16,0.282889,0.9907,0.17,0.333059778,54356180,0.001032167,13.36922413,90076.59333
"DJI",NA,NA,82,NA,NA,5.6,37.15,0,2.894,0,NA,1.57,15.9,0,0,1,0,0.9939,0.013107163,0.009726667,378927,NA,3.385154208,NA
"DMA",NA,0.690691333,95.1,1.0344477,2.572836917,43.33,363.65,0,3.761,46,61.6232556,22.06,NA,0,0,5,0.164133,NA,0.16909101,0.129089167,7525,2.62e-05,NA,NA
"DNK",214059,0.260875333,83.3,4.778015358,5.507608817,612.2,7798.29,174,3.637,178323,77.6757909,17.56,2.5,14,72.22,17,0.0696671,0.9956,0.17,0.39248675,3455651,0.003895078,8.066100141,7597.333333
"DOM",NA,0.398196,90.9,0.558443249,1.527871362,1983,10703.11,1234,3.401,43335,18.69613738,23.02,12.3,0,38.71,58,0.276387,0.9763,0.163970623,0.054626571,977885,0.005857169,2.392416702,NA
"DZA",NA,0.051825567,83,0.58611699,2.115971704,1956,26214.77,0,3.035,266565,145.2546119,7.5,2.5,0,27.12,83,0.545666,0.9871,0.091678409,0.002129333,8598808,0.004663948,1.518909942,49969.33333
"ECU",55544,0.638957333,89.8,2.203767387,2.171272205,12547.876,25355.57,105,4.0645,193904,24.01221622,20.03,10.9,0,11.2,85,0.405378,0.9828,0.145150778,0.053871429,7431536,0.001586019,3.431780538,19321.32
"EGY",NA,NA,84.6,0.555668708,2.145986091,73,72554.35,241179,2.712,1311130,44.79425978,13.14,2.5,0,30.77,57,0.489805,0.998,0.081682021,0.008221833,17960905,0.000205072,2.378846945,26004.66667
"ERI",NA,0.021332067,88.6,1.297088076,0.420066653,1510,2178.57,0,3.266,466,NA,4.87,NA,0,13.33,NA,0.325858,0.9982,0.041719479,0.005118833,1023031,0,3.620354054,NA
"ESH",NA,NA,83.6,NA,NA,707,NA,NA,NA,NA,NA,5.69,NA,NA,NA,NA,0.433728,0.9999,NA,0.0070445,NA,NA,0.897632573,NA
"ESP",247200,0.271306,82.2,1.24830548,3.670135763,18417.87,78577.89,6000,3.63525,1101895,44.04841629,28.02,2.5,31,8.56,5,0.323558,0.9934,0.169961926,0.104331222,16093026,0.005936503,7.437408618,109288
"EST",1264498,0.436763333,87.5,10.53289166,6.858584082,2232,2212.35,2654,3.18,35806,NA,20.18,2.5,36,46.88,8,0.162927,0.9854,0.17,0.245440125,8e+06,0.009630986,4.209733997,1144.666667
"ETH",NA,0.068469133,89.7,0.581265593,1.018860697,12499,146607.03,45519,NA,236081,116.415019,18.47,32,0,9.38,14,0.511914,0.997,0.139637629,0.010122714,109683244,0.000853504,4.696252265,NA
"FIN",1233604,0.432377667,94.2,13.43737755,5.86681005,22218,4089.3,29476,2.834,157904,62.49962903,14.94,2.5,64,19.59,68,0.308146,0.9743,0.163422922,0.092288125,57033450,0.007982346,2.546162426,3084.426667
"FJI",85385,0.746627,102.1,2.373546274,2.897781814,1017.195,1652.16,2600,3.698,2739,NA,5.4,2.5,0,3.45,2,0.0836541,0.9924,0.082716911,0.023741,837000,0.001136333,0.502304178,NA
"FLK",NA,NA,93.2,NA,NA,0,NA,1,3.692,NA,NA,0.49,NA,NA,0,NA,0,0.9956,0.012758141,0.164694,771,0,1.458634098,NA
"FRA",149700,0.246872333,85.3,3.105658701,5.14219428,16989,81842.2,1187,NA,2200034,77.86993545,26.03,2.5,13,26.91,10,0.344133,0.9924,0.169950915,0.112487,52793897,0.002222039,10.91356332,137240.1333
"FRO",NA,NA,93.6,NA,NA,0.083,NA,0,4.091,NA,NA,2.34,2.5,NA,15.79,NA,0,0.9996,0.026848468,0.0782472,0,NA,NA,NA
"FSM",NA,0.250893667,NA,NA,NA,64.265,370.42,5,3.849,0,NA,4.28,NA,0,0,NA,0,NA,0.064319362,0.005011,2574,0,NA,NA
"GAB",2033627,0.632520333,84.3,26.30889585,2.016298576,23000,2240.64,11000,2.264,1831,66.15790703,20.14,2.5,0,50,58,0.409853,0.9977,0.161664706,0.005833714,3270000,0.001031655,5.546880676,NA
"GBR",1589518,0.224365,81,1.315647389,4.940476624,3144,23615.59,747,3.45416666666667,1049000,59.91787193,28.24,2.5,16,NA,7,0.30722,0.9947,0.16999973,0.109039,11184042,0.006493162,7.847517712,35856.36667
"GEO",NA,0.280478,90.3,1.167793452,1.578906972,2822.4,3852.59,20,2.175,61100,NA,8.33,7.4,0,0,85,0.214385,0.9969,0.113068741,0.02051,592397,1.36e-05,4.753683742,NA
"GGY",NA,0.225855,85.6,NA,NA,0.2,NA,NA,NA,NA,NA,1.17,NA,NA,NA,NA,0.0192701,NA,0.15372048,0.070908875,NA,0,NA,NA
"GHA",3367,0.359653,91.9,1.34961289,1.972310989,9337,45916.06,90000,2.854,38177,112.5648252,15.06,2.5,0,67.5,15,0.284276,0.9896,0.153463938,0.037360667,44911574,0.008253325,4.95859094,NA
"GIB",NA,NA,79.3,NA,NA,0,NA,NA,NA,NA,NA,26.67,2.5,NA,0,NA,0.139674,NA,0.17,0.093204857,0,0,NA,NA
"GIN",NA,0.184912667,92.1,2.092513152,1.407758197,6364,31703.65,26000,2.618,2617,77.88820873,30.68,16.4,0,56,23,0.221724,0.9887,0.15183629,0.004930833,12824531,0.019831766,4.164130911,NA
"GLP",NA,0.539609,92.1,0.451865887,3.226643161,71.496,NA,0,4.01,NA,NA,72.8,NA,NA,54.55,NA,0.332193,0.9411,0.169878854,0.119289333,15300,0.000753469,0.903540194,NA
"GMB",NA,NA,95.4,0.824636138,1.032328842,488,2065.25,3900,2.117,801,66.53847649,4.11,5.3,0,0,100,0.205766,0.9934,0.056831854,0.0703786,845097,0.002200674,2.267209053,NA
"GNB",NA,NA,93.3,3.02645393,1.534994348,1972,4412.74,150,2.14,0,NA,16.66,20.7,0,12.5,37,0.351235,0.9795,0.132623715,0.0160948,2884099,0.011834589,2.795469308,NA
"GNQ",NA,0.716225667,98,4.404802681,3.969690175,1568,959.51,1000,3.579,0,NA,19.27,NA,0,100,58,0.366058,0.988,0.169118132,0.010273714,822843,0.002813461,6.068938573,NA
"GRC",NA,0.142620333,85,1.606469236,4.38067593,4054,14216.86,940,3.271,272011,74.49534028,34.96,2.5,33,38.74,2,0.325853,0.9931,0.17,0.045954667,1432000,0.001045611,5.816152597,17040.77333
"GRD",NA,0.567807333,101.8,1.963953731,2.975808268,16.99,781.32,0,3.582,0,NA,9.37,NA,0,22.22,58,0.0649708,NA,0.072768992,0.083679167,NA,0.000234735,NA,NA
"GRL",NA,NA,99.3,NA,NA,0.22,NA,0,3.578,NA,NA,41.12,2.5,NA,16.36,NA,0.835442,1,0.136840496,0.0013595,NA,0,0.361664997,NA
"GTM",497968,0.527191667,95.7,0.987184404,1.886453351,3540,22552.31,2360,2.961,156185,33.68599006,31.75,15.6,5,15.38,83,0.489214,0.9275,0.126422925,0.088715714,20158523,0.007038094,4.03802366,40215.7
"GUF",NA,1.044576,96.8,111.3502725,2.335954744,8130,NA,0,3.208,NA,NA,52.96,NA,NA,31.25,NA,0.624421,0.9953,0.160345046,0.008529833,219956,0.000351291,2.173555727,NA
"GUM",NA,0.253050333,NA,NA,NA,25,NA,0,4.5,NA,NA,21.92,NA,NA,50,NA,0.0859179,NA,0.169999958,0.08005,NA,NA,NA,NA
"GUY",NA,0.946309667,94.8,66.57866808,3.066242014,16526,2402.21,22063,3.322,12119,48.97773362,8.74,10.6,0,NA,20,0.554175,0.9963,0.066321126,0.023739429,1460530,0.000688785,2.044296795,786.45
"HKG",NA,0.356761667,NA,NA,NA,NA,NA,NA,3.576,5669,NA,41.9,NA,NA,NA,NA,0.149495,0.993,0.169998672,NA,NA,NA,NA,114
"HMD",NA,NA,NA,NA,NA,NA,NA,NA,3.832,NA,NA,99.95,NA,NA,NA,NA,NA,NA,NA,NA,NA,NA,NA,NA
"HND",20164,0.524274333,92.8,1.770902585,1.679273575,4592,11585.84,100,2.5485,73363,27.07645321,28.44,12.2,0,14.29,66,0.456867,0.9493,0.158398383,0.063964857,8926336,0.006490873,3.048923512,14389.82
"HRV",2039223,0.278409,88.2,2.802480128,3.923028482,1922,4940.49,444,2.932,102943,NA,38.11,2.5,33,27.12,18,0.252085,0.9926,0.16999056,0.059246444,5925949,0.001097783,7.526849393,4071.76
"HTI",NA,0.383886667,86.5,0.265825887,0.605370777,97,10161.4,600,3.053,0,NA,0.27,53.4,0,0,94,0.0733269,0.9626,0.039319838,0.049486286,2318234,0.003596606,2.317200452,NA
"HUN",304273,0.118405233,84.3,2.171781475,2.919642046,2069,19878.82,9937,NA,310840,73.29415101,22.6,2.5,27,22.22,3,0.221538,0.9923,0.17,0.046464778,5798162,0.005386505,8.404408201,16571.04667
"IDN",2681500,0.701481667,95,1.257207862,1.577156966,91010,595076.61,458631,2.2295,2909406,42.46436689,11.87,7.6,1,5.23,40,0.359194,0.9644,0.131870755,0.0102784,113019897,0.0108614,5.114833506,NA
"IMN",NA,0.232288,NA,NA,NA,NA,NA,NA,NA,NA,NA,3.78,NA,NA,NA,NA,0.0467556,NA,0.009769593,NA,NA,NA,NA,NA
"IND",754911,0.158722333,88.9,0.453955945,1.159269349,70682,1566000.27,1346104,2.957,16934923,31.57768848,5.97,15.2,0,5.5,21,0.296451,0.9906,0.087283462,0.0503894,356689633,0.002991328,18.04398548,NA
"IOM",NA,NA,NA,NA,NA,NA,NA,0,NA,NA,NA,NA,NA,NA,NA,NA,NA,NA,NA,0.051006625,NA,NA,NA,NA
"IOT",NA,0.288184,NA,NA,NA,NA,NA,NA,NA,NA,NA,100,NA,NA,100,NA,0.047995,NA,NA,0.147324,NA,NA,NA,NA
"IRL",446647,0.216389333,77.4,3.734609331,5.566191258,754.016,11475.8,78,3.234,296160,59.61445449,14.44,2.5,37,66.15,NA,0.135423,0.9979,0.169909578,0.3552715,2827986,0.005328333,4.897809607,5921.413333
"IRN",NA,0.032457733,87.7,0.899766873,2.785344011,10691.98,114876.23,88047,3.3515,261815,46.10185636,8.61,2.5,0,27.78,4,0.352582,0.9972,0.077497568,0.0161354,782000,0,3.222637671,27419.22
"IRQ",NA,0.0312834,89.9,0.285823866,1.880089671,825,48330.63,22848,2.997,146540,33.16197143,1.54,22.8,0,0,NA,0.256119,0.9987,0.008044403,0.0126578,177000,0,3.688729375,4325.2
"ISL",NA,0.118297033,84.5,NA,NA,49.2,236.84,201,3.852,10793,0.249380344,17.44,2.5,50,0,NA,0.374122,1,0.137718492,0.119627,3640,NA,2.260231519,6.286666667
"ISR",NA,NA,81.2,0.353532513,6.21991266,165,3034.66,484,3.9575,39900,28.10073448,19.94,2.5,0,4.17,NA,0.2232,0.9845,0.103359878,0.0989168,27000,0.001740961,3.70711267,NA
"ITA",41444,0.178520667,87,1.076878263,4.609941788,9297,46273.54,3800,3.613,6e+05,56.310598,21.51,2.5,52,21.33,4,0.259014,0.9927,0.169968072,0.089365333,5758866,0.001515669,7.835218661,115868
"JAM",NA,0.560163,95.2,0.430312182,1.890682828,335.2,2236.49,698,3.49,4745,25.97022112,15.91,8.1,0,7.89,89,0.176378,0.9689,0.169900634,0.072326857,680502,0.003778193,2.000550628,NA
"JEY",NA,0.232331667,82.8,NA,NA,0.6,NA,NA,NA,NA,NA,13.58,NA,NA,NA,NA,0.0914257,NA,0.166493042,0.065547,NA,6.54e-05,NA,NA
"JOR",NA,NA,85.2,0.21171263,2.098434509,97.5,12213.4,596,2.207,28475,43.99721849,1.73,2.5,0,0,91,0.263928,0.9947,0.04359767,0.042282,338087,0.000172398,3.119985956,NA
"JPN",393603,0.505768333,97.7,0.716328213,5.020801173,24958,24237.07,32868,4.08433333333333,400767,43.85337567,19.36,2.5,17,25.76,1,0.223976,0.979,0.168623691,0.0303122,21331171,0.00118032,7.266723835,107369.6
"KAZ",NA,0.241235,65.3,3.40783714,5.548782307,3309,61798.2,41489,NA,63242,NA,3.28,2.5,0,5,52,0.311131,0.9981,0.04815428,0.0015936,340000,4.27e-05,2.847397763,19047.82
"KEN",NA,0.112428967,80.2,0.512337139,1.034817287,4413,46358.44,162972,3.318,51686,46.24330566,12.36,21.2,0,11.88,12,0.386559,0.9902,0.152251042,0.022881875,27432000,0.004704197,3.100387,NA
"KGZ",NA,0.088164833,77.9,1.300507908,1.906634527,637,6231.56,31,NA,26623,NA,6.51,6,0,0,5,0.242563,0.9956,0.139003287,0.0095628,45920,0,3.559359508,730.2
"KHM",12746,0.306629333,95,1.092626357,1.207404851,9457,28028,488655,2,96366,79.05501177,26.03,14.2,0,6.67,55,0.427871,0.9508,0.168364903,0.041424,8186280,0.015063109,10.11345891,NA
"KIR",NA,0.145811667,NA,NA,NA,12.15,663.35,0,3.03833333333333,0,NA,22.37,2.5,0,34.78,100,0,NA,0.147088098,0,3140,NA,0.608511567,NA
"KNA",NA,0.392723,98.1,0.623508262,4.936001072,11,13167.79,0,3.654,8,19.28394081,3.32,NA,0,NA,NA,0,NA,0.169918956,0.076007333,NA,7.21e-05,NA,2.993333333
"KOR",390568,0.398005667,96.9,0.680068554,5.688279577,6184,16098.34,9133,3.46,253658,31.37418252,11.23,2.5,46,7.5,62,0.164148,0.9857,0.092437001,0.0515874,5179000,0.003230449,10.6620981,37289.33333
"KWT",NA,NA,80.9,0.554108964,8.132762831,6.25,3393.7,0,3.153,0,NA,17.5,2.5,0,12.5,NA,0.226363,0.9944,0.162054133,0.127782,19250,NA,3.142315269,NA
"LAO",317,0.511302333,100.5,1.618158289,1.21892174,18761.41,13132.91,62636,NA,0,91.26797389,16.68,18.5,0,6.67,87,0.374668,0.9374,0.157377347,0.0165448,9831357,0.014906715,8.574300124,114.9466667
"LBN",NA,NA,84.7,0.328119363,3.83953299,137.3,2063.74,20,3.479,16572,59.75542644,2.59,2.5,0,0,1,0.0839776,0.9897,0.068060024,0.056666667,25887,0.002661409,4.058742428,NA
"LBR",NA,0.541842667,93.8,2.567880361,1.213120904,4179,4903.21,2200,2.871,0,NA,2.49,31.9,0,0,95,0.302981,0.9612,0.038174009,0.005253667,8741818,0.01982052,4.006542184,NA
"LBY",NA,NA,84.2,NA,NA,217,5642.46,0,2.462,0,19.18150584,0.21,NA,0,0,NA,0.274492,0.9985,0.009094572,0,1115412,2.85e-05,1.426707741,NA
"LCA",NA,0.655138333,96,0.343670255,2.445866687,20.3,16.16,0,3.714,301,NA,18.8,NA,0,NA,18,0.11377,NA,0.169440334,0.1091985,9883,0.000141434,NA,NA
"LIE",NA,0.342821,94,NA,NA,6.9,NA,0,NA,NA,NA,42.49,2.5,0,50,NA,0.21844,NA,0.17,0.252908778,20812,0.000145143,NA,NA
"LKA",14603,0.458425,96.9,0.440021639,1.324895863,2070,28233.66,67300,3.036,227403,32.65619838,29.86,22,5,12.9,4,0.273811,0.9818,0.139106331,0.0553408,5527061,0.001878936,4.292974246,2187.633333
"LSO",NA,NA,88.1,0.784885556,1.656824633,49,1295.34,52,NA,0,18.79053721,0.26,11.2,0,0,98,0.159057,0.9962,0.020690962,0.064877125,2123509,0.000154404,5.63440462,334.16
"LTU",1083790,0.368351333,85,5.665002754,5.834783461,2180,8083.15,1437,3.449,101973,NA,16.94,2.5,0,60.71,11,0.196468,0.9938,0.169890347,0.024500444,7351000,0.006761871,5.768018188,5080.726667
"LUX",21521,0.344466333,88.8,1.676186316,15.81747699,86.7,555.18,0,NA,24052,NA,32.27,2.5,99,0,34,0.143434,0.9847,0.17,0.543536667,352692,0.003231787,15.36866379,NA
"LVA",1702655,0.426715333,86.9,9.552216128,6.289943495,3356,4510.28,226,3.244,75198,NA,18.17,2.5,59,52.86,31,0.290232,0.9839,0.16830539,0.10427025,12885000,0.008675848,4.826299503,2709.506667
"MAC",NA,0.210590667,NA,NA,NA,NA,NA,NA,NA,7,NA,NA,NA,NA,NA,NA,0,NA,0,NA,NA,NA,NA,124
"MAF",NA,NA,105.4,NA,NA,1.144,NA,NA,2.967,NA,NA,16.78,NA,NA,NA,NA,0.022926,NA,0.17,0.076007333,NA,0,NA,NA
"MAR",NA,0.0379548,82.8,0.713602349,1.678405901,5632,37607.82,15006,2.917,233016,108.7369603,30.81,2.5,0,14.02,1,0.553918,0.9871,0.166841553,0.025910571,7118711,0.001467835,2.572276758,NA
"MCO",NA,NA,88.2,NA,NA,0,NA,NA,NA,0,NA,62.5,2.5,0,NA,NA,0,NA,0.17,0.167531778,NA,0,NA,NA
"MDA",NA,0.157868067,82.2,0.796908624,1.777825773,409,7573.51,50,NA,52000,NA,4.15,2.5,0,0,69,0.082969,0.987,0.050567712,0.009302667,1371810,0.001392319,7.390467405,4725.47
"MDG",1298,0.171079667,83.6,2.630396173,0.988931508,12473,33499.81,25988,2.714,11357,104.7776406,5.25,33,0,33.62,52,0.226932,0.9327,0.108923507,0.035302,13774344,0.017606158,1.531952118,893.02
"MDV",NA,0.236973333,96.1,NA,NA,1,1897.24,0,4.298,277,NA,0.98,5.2,0,0,NA,0.00448584,NA,0.044449796,0.0047,16048,0,NA,NA
"MEX",921387,0.250742,83.3,1.268807578,2.885494444,66040,124449.91,152712,2.7025,1361598,48.33102676,14.27,2.5,3,16.28,59,0.405318,0.9784,0.100545429,0.085252111,44203772,0.003716272,4.224084369,217443.3333
"MHL",NA,0.186737033,NA,NA,NA,12.636,103.61,0,3.444,0,NA,12.06,NA,0,0,NA,0.0089967,NA,8.06e-06,0.0102165,NA,NA,NA,NA
"MKD",NA,0.180806,83.9,1.509332379,3.260721873,998,1749.17,350,NA,19928,NA,9.65,2.5,0,9.38,96,0.285831,0.9842,0.135727054,0.043494222,655000,0.001003384,7.631311417,NA
"MLI",NA,NA,81,1.577172091,1.529182839,4715,44220.73,92480,NA,121353,104.3539354,8.23,2.5,0,29.41,93,0.435324,0.998,0.128503686,0.0006716,6111606,0.008134279,1.771035516,23.34
"MLT",NA,NA,79.5,NA,NA,0.347,912.8,0,3.818,3936,39.74599241,23.69,2.5,0,33.33,NA,0.0345295,NA,0.17,0.025839714,0,0,NA,NA
"MMR",NA,0.405317667,97.1,1.841438608,1.431301218,29041,104956.4,863450,2.946,159383,95.20490718,7.17,14.2,0,16.26,16,0.396303,0.9785,0.073674491,0.0200548,44286000,0.006843325,11.60119151,7684.253333
"MNE",NA,0.385466,88.6,3.244982986,3.783882653,827,0,662,3.001,1280,NA,4.06,2.5,25,0,40,0.203438,0.9838,0.15936687,0.066655556,968000,0.000293562,7.815499401,NA
"MNG",NA,0.152884,61.3,15.65734218,6.081880321,12552.8,19423.53,63,NA,18495,11.56909306,17.4,20.5,0,16.18,78,0.434887,0.9959,0.146653773,0.0051495,762000,0.001746819,5.889200318,NA
"MNP",NA,0.262311667,NA,NA,NA,29.496,NA,0,4.5,NA,NA,7.58,NA,NA,30.77,NA,0.0259834,NA,0.042571103,0.046018333,NA,NA,NA,NA
"MOZ",49132,0.11799,85.7,2.062178493,0.868013431,37940,23347.55,104181,3.163,47763,97.31161491,21.59,25.3,0,27.78,25,0.503852,0.994,0.145094343,0.020368571,18708000,0.006272466,1.968104238,NA
"MRT",NA,NA,81,4.475215208,2.543085134,224.5,4795.73,15000,2,0,NA,0.62,5.6,0,10,94,0.393351,0.9963,0.014297413,0.0021076,2009133,0,1.012268107,52.82
"MSR",NA,0.473683667,91.4,NA,NA,2.5,NA,0,4.5,NA,NA,10.92,NA,NA,0,NA,0,NA,0.17,0.0508475,NA,3.22e-05,NA,NA
"MTQ",NA,0.532398667,95.9,0.385152287,2.082356458,48.5,NA,0,3.485,NA,NA,69.14,NA,NA,80,NA,0.252704,0.9911,0.169999378,0.138888833,12410,0.000422936,NA,NA
"MUS",NA,0.309231333,91.4,0.706962934,3.455172181,38.6,838.3,0,3.538,8125,16.00103129,4.75,2.5,33,0,72,0.089103,0.9791,0.091960828,0.0299605,2540,0,NA,4311.333333
"MWI",NA,0.057724367,90.9,0.660554299,0.80759978,3147,19759.05,147889,NA,111754,91.29834452,16.89,20.7,0,60,58,0.372889,0.9952,0.159221477,0.012418143,7060730,0.007087021,2.287237803,3089.406667
"MYS",675810,0.693529,96.6,2.410127973,3.707663139,22195,102146.13,5937,2.423,508396,9.334134113,19.14,2.5,13,3.51,27,0.275483,0.9161,0.158337496,0.0336978,20405075,0.015432687,5.397634745,NA
"MYT",NA,0.195996667,95.5,NA,NA,5.82,NA,NA,3.007,NA,NA,12.11,NA,NA,0,NA,0.00932647,NA,0.17,0.046052667,26650,0.000538757,NA,NA
"NAM",152888,NA,67.8,6.882861299,2.482740312,6919,3700.48,4927,2.898,1076,NA,37.89,42.3,33,57.89,42,0.614886,0.9909,0.167813574,0.0394194,1286354,5.75e-05,1.777145682,NA
"NCL",NA,0.5446,95.5,7.672069312,3.579406405,839,NA,0,3.235,893,NA,54.41,NA,NA,61.11,NA,0.329643,0.9963,0.159949233,0.014895667,27162,0.000337493,0.742869655,NA
"NER",NA,NA,81.6,1.241797022,1.56175552,1142,76909.8,35252,NA,12575,64.66350041,17.32,9.5,0,40,52,0.620122,0.9932,0.134790234,0.0044188,11472609,0,1.772307154,42.74
"NFK",NA,NA,NA,NA,NA,0.46,NA,0,4.116,NA,NA,9.35,NA,NA,0,NA,0,NA,0.17,0.142322,48,NA,NA,NA
"NGA",NA,0.312613333,93,0.697103207,1.16328039,6993,251147.6,337874,2.667,271875,94.38454846,13.93,7,0,66.67,6,0.292173,0.9892,0.150341361,0.011666143,74865002,0.004072907,6.328319946,NA
"NIC",21696,0.545355667,91.3,2.254850038,1.389607477,3114,9494.71,606,3.492,50567,47.08458237,37.23,16.6,0,35.29,49,0.510528,0.9124,0.164642933,0.075859571,6276135,0.004567939,2.880747024,8827.64
"NIU",NA,0.413091333,NA,NA,NA,18.1,2383.89,0,3.975,0,NA,9.71,NA,0,NA,51,0,NA,0.11632873,0.037088,46,NA,NA,NA
"NLD",136311,0.194842667,83.7,1.16578302,5.279510461,376,4771.57,1904,3.744,220310,46.33694117,11.33,2.5,70,46.15,15,0.15627,0.9853,0.169695564,0.212987,1251140,0.001507794,11.34017512,21822.74
"NOR",417899,0.309329,95.3,8.085324922,3.874369494,12112,1704.52,408,3.75666666666667,101748,20.25774608,16.97,2.5,72,32.43,NA,0.333001,0.9951,0.15493401,0.314578375,12386886,0.003120986,2.661050646,1598.666667
"NPL",NA,0.391314667,92.3,0.593546495,0.97764178,3636,37720.24,21500,NA,96718,82.90482404,23.63,7.8,0,3.7,68,0.434704,0.9983,0.141164513,0.0360814,13588319,0.000112258,15.59490527,864.85
"NRU",NA,0.1505823,NA,NA,NA,0,90.5,NA,3.32,0,NA,NA,NA,0,NA,NA,0,NA,0,0,NA,NA,NA,NA
"NZL",1263820,0.352578667,68.1,10.1407718,5.597861635,10152,9069.52,832,3.25066666666667,327602,14.68157392,32.55,2.5,0,32.14,3,0.374363,0.9874,0.164787196,0.15303425,29956000,0.005673096,1.381138837,NA
"OMN",NA,NA,85.2,1.915058543,7.519537842,2,1405.95,0,3.4435,0,15.11122817,2.57,2.5,0,3.03,NA,0.352664,0.9996,0.04311766,0.0450145,44005,0,2.190284648,NA
"PAK",NA,0.093383467,90.4,0.346582276,0.78942371,1472,261252.31,132456,2.771,3134420,21.22554631,12.31,22,0,18.75,17,0.409698,0.9904,0.088903661,0.0053934,32523349,2.47e-06,7.742026119,NA
"PAN",42884,0.609637,90.7,2.943334397,2.792606516,4617,7860.15,405,2.707,19161,22.81221265,20.89,9.5,0,18.52,95,0.359829,0.9868,0.156893205,0.092353143,1261798,0.00185136,3.484345789,3848.64
"PCN",NA,NA,NA,NA,NA,3.5,NA,0,1.68,NA,NA,94.3,NA,NA,0,NA,0,NA,0.136384381,0.011905,NA,NA,NA,NA
"PER",498837,0.644885,92.4,3.969086387,2.277775526,73973,29660.8,37499,2.944,265828,38.26446937,21.27,7.5,12,23.24,35,0.565954,0.9831,0.140170873,0.036062714,8785000,0.002133012,1.952532323,38440.79333
"PHL",NA,0.536297667,91.7,0.543006077,1.100246161,8040,136444.37,203366,2.78,689691,58.45519549,15.32,13.5,0,18.9,13,0.331411,0.9616,0.143662076,0.0301478,16073741,0.003542894,4.490559833,NA
"PLW",NA,0.616235667,NA,NA,NA,40.303,NA,0,4.372,0,NA,27.94,NA,0,11.11,63,0.094277,NA,0.169319758,0.231052,NA,0,NA,NA
"PNG",36491,0.865683667,100.4,3.923425673,1.911742942,33559,10974.91,19308,2.555,16608,NA,3.07,NA,0,0,98,0.364519,0.9964,0.026235959,0.0167458,9412186,0.004211044,2.408725521,NA
"POL",6939250,0.326734667,86.5,2.079661288,4.443234787,9435,61037.66,18376,3.459,1631990,45.77246869,39.62,2.5,56,36.21,2,0.376748,0.995,0.16997874,0.046117111,40862038,0.004087911,8.454925025,45098.08
"PRI",NA,0.482225667,95.8,NA,NA,495.95,NA,0,3.61,NA,NA,7.44,NA,NA,7.41,NA,0.0781389,0.977,0.151507684,0.089106857,NA,0.00137909,1.165603578,NA
"PRK",NA,0.308183,99.1,0.599850608,1.16555478,5031,15973.02,5200,4.023,NA,46.97285369,2.44,41.6,0,0,NA,0.0625688,0.9948,0.033884042,0.0179844,7606054,0.002088485,10.89344904,NA
"PRT",371426,0.150627,88.7,1.509965734,3.884287957,3182,11151.78,1,3.77833333333333,125213,46.60132374,22.96,2.5,18,25.47,NA,0.30191,0.9818,0.169993897,0.110367333,10866000,0.020020612,4.7951219,23638.25333
"PRY",25022,0.318612,76.6,10.52065605,4.163193208,15323,42884.92,21594,NA,132588,100.2897871,6.51,10.4,0,13.79,11,0.379389,0.9185,0.121693622,0.046848429,11062202,0.011498417,4.486779877,NA
"PSE",NA,NA,79.5,NA,NA,9.17,534.38,0,3.576,NA,NA,NA,NA,0,0,NA,0.0490211,0.9774,0.017520677,0.1143722,NA,0.000211941,3.812196493,NA
"PYF",NA,0.3119,NA,1.374011472,4.73421158,155,NA,53,3.328,184,NA,1.96,NA,NA,0,NA,0,1,0.029674943,0.012279,5549,NA,0.611099621,61.22
"QAT",NA,NA,83.2,1.239431793,10.80342414,0,128.32,0,2.577,156860,NA,2.45,NA,0,0,NA,0,0.9843,0.103757951,0.2583265,5092,NA,2.344636679,NA
"REU",NA,0.278626,83.6,0.181041653,3.653639123,88,NA,0,3.509,NA,NA,76.33,NA,NA,62.5,NA,0.326035,0.9106,0.17,0.06696425,105905,5.02e-05,NA,NA
"ROU",2523707,0.214874,86.4,2.321721478,2.707599637,6861,37274.43,4464,4.495,303562,63.88379369,24.35,2.5,0,21.54,37,0.299521,0.9899,0.162052133,0.021997889,15329913,0.001377906,8.990755501,13393.6
"RUS",41277466,0.354769333,92.9,6.791436635,5.689232681,814930.5,270336.34,286539,3.55083333333333,1194490,NA,9.72,2.5,0,6.61,42,0.408019,0.993,0.099277271,0.00279825,203000170,0.003063629,2.345649264,NA
"RWA",NA,0.195162333,95.4,0.540610819,0.865194051,480,10223.75,29334,NA,6914,118.3247868,9.12,31.6,8,15.38,44,0.302376,0.996,0.133427637,0.02384275,6211927,0.004440641,5.716606557,3218.62
"SAU",NA,NA,84.7,0.49784116,5.614569209,977,9086.57,0,2.786,335390,28.31824373,4.33,2.5,0,11.32,NA,0.434611,0.9983,0.089961378,0.011908,274910,0,2.495045522,NA
"SDN",NA,0.012837293,81.1,NA,NA,19209.938,7228.45,31251,3.2,150570,47,2.28,NA,0,NA,NA,0.494267,0.9967,0.037493118,0.000393,15740000,0.000110789,2.88386415,NA
"SEN",NA,NA,86.8,1.045092389,1.210005418,8273,17049.96,30010,3.702,21224,64.28678548,25.21,10,0,5.56,29,0.409435,0.998,0.168017671,0.0250964,6334127,0.007417475,2.39995034,NA
"SGP",NA,0.488726,75.4,0.050007132,7.974758399,16.35,337.16,1971,4.163,0,0.91801057,5.62,NA,0,0,4,0.0672424,NA,0.162001518,0.039975,30665,0.008250261,NA,NA
"SGS",NA,NA,NA,NA,NA,NA,NA,NA,2,NA,NA,100.01,NA,NA,NA,NA,NA,NA,NA,NA,NA,NA,NA,NA
"SHN",NA,NA,93.1,NA,NA,2,NA,0,4.174,NA,NA,36.15,NA,NA,38.46,NA,0.034483,NA,0.144941728,0.002898667,NA,NA,NA,NA
"SJM",NA,NA,99.8,NA,NA,0,NA,NA,NA,NA,NA,65.44,NA,NA,NA,NA,0.562018,1,0.169897086,0.1530445,NA,NA,0.577216745,NA
"SLB",39401,0.866362333,103.2,4.361685295,1.285124673,2185,959.39,0,4.292,NA,NA,2.21,11.3,0,2.7,67,0.168218,0.9749,0.024404606,0.0707485,2477434,0.005460296,1.117166609,NA
"SLE",NA,0.382145667,94.7,1.240046048,1.235223501,3044,15886.34,2100,2.612,0,58.58098669,9.39,22.3,0,70,19,0.200058,0.9852,0.119900441,0.002542667,5872870,0.041432253,4.202257281,NA
"SLV",NA,0.397775667,91.5,0.61495175,2.07063678,265,12622.73,458,3.44,60436,30.82333634,8.78,12.4,0,0,19,0.262221,0.9894,0.141257287,0.090827714,4884763,0.002415836,3.576885422,9492.313333
"SMR",NA,NA,81.6,NA,NA,0,NA,0,NA,0,NA,NA,2.5,0,NA,NA,0,NA,0,0.073538667,NA,0.000201645,NA,NA
"SOM",NA,0.0557061,80.4,1.265299354,1.237879656,6363,4507.84,200,3.089,0,24.74098051,0.83,NA,0,0,NA,0.0843119,0.9973,0.007804572,0.000720857,14148437,0.000756569,2.665261151,NA
"SPM",NA,0.458340667,94.4,NA,NA,2.8,NA,0,3.878,NA,NA,2.95,2.5,NA,NA,NA,0.012679,NA,0.100151099,0.043930571,600,0,NA,NA
"SRB",1001347,0.184388,87.1,1.254985361,2.69861439,2720,34539.47,3150,NA,253677,49.07392997,6.15,2.5,50,0,65,0.256469,0.9911,0.079484452,0.049628889,7583000,0.001031183,9.024260885,NA
"SSD",NA,0.083527133,NA,NA,NA,7157,NA,37000,NA,0,NA,15.5,NA,0,0,NA,0.476611,0.9983,0.149826546,0.002444,4383000,0.000215789,6.740892704,NA
"STP",NA,0.376004333,98,0.873061592,1.485021727,53.6,234.48,0,3.446,NA,NA,29.21,6.6,0,0,NA,0.189486,NA,0,0.0409358,124234,0,NA,NA
"SUR",386200,1.020920333,96.4,89.33407946,4.252643657,15332,2064.17,650,3.722,9399,52.10723044,14.52,8,0,NA,98,0.528779,0.9946,0.142638196,0.0195035,541916,0.000854578,1.967867263,1195.96
"SVK",149387,0.287636667,90.3,2.707053026,4.060378442,1940,5313.64,1971,NA,129642,NA,37.28,2.5,69,5,14,0.377218,0.9909,0.17,0.052784111,9167980,0.002202742,9.105111758,3239.806667
"SVN",260291,0.396759333,93.2,2.345048696,5.810869861,1248,3839.28,141,3.631,28285,NA,53.64,2.5,29,31.43,15,0.341339,0.9893,0.17,0.093355,5099340,0.000792046,7.692525804,1960.853333
"SWE",12216619,0.432183,93.4,10.6248383,7.248413681,28073,5365.75,10520,3.649,181055,57.12462164,14.47,2.5,63,NA,13,0.273924,0.9798,0.167578278,0.449569375,73300000,0.007747578,3.422340716,3542.666667
"SWZ",124527,0.076413,94.9,0.876842256,2.013592666,586,2497.84,65,NA,0,45.00950314,4.1,26.8,0,NA,NA,0.205916,0.9841,0.053771281,0.08563275,2059029,0.006853353,5.057326984,NA
"SXM",NA,NA,NA,NA,NA,NA,NA,NA,2.887,NA,NA,NA,NA,NA,0,NA,0,NA,0,0.076007333,NA,0,NA,NA
"SYC",NA,0.1956453,94.3,NA,NA,40.666,151.73,0,3.632,19,NA,42.1,NA,0,10,86,0.137984,NA,0.163510607,0.01336125,12840,0,NA,NA
"SYR",NA,NA,79.6,0.602512183,1.507860079,491,22462.11,2400,3.01,23546,48.87568866,0.69,NA,0,NA,42,0.035296,0.9972,0.005320602,0.020169833,71428,0.022589928,4.617295222,NA
"TCA",NA,0.214333,95.5,NA,NA,34.4,NA,0,3.191,NA,NA,44.39,NA,NA,NA,NA,0.208129,0.9891,0.143746254,0.068087333,1085,0.001958309,1.615392804,NA
"TCD",NA,NA,80.8,2.028376337,1.455627627,4875,28714.33,110000,NA,NA,75.40260569,20.35,34.4,0,50,62,0.564584,0.9942,0.142187908,0.0043764,8300404,0.006324279,3.610489896,NA
"TGO",NA,0.168879,89.1,0.5283573,1.126543233,188,10177.56,5000,3.584,11457,100.2147256,27.62,11.4,0,NA,29,0.267531,0.9949,0.125148235,0.097902833,4590000,0.001682695,5.19288043,885.8133333
"THA",61795,0.296983,93.5,1.243554006,2.663630949,16399,173777.32,206202,2.7365,1521173,33.50501695,18.81,7.4,0,NA,20,0.341317,0.9799,0.164289975,0.0319248,33490685,0.006051744,9.137097454,66571.33333
"TJK",NA,NA,85,0.52992204,0.906348048,412,6981.3,1176,NA,56710,NA,22.28,33.2,0,NA,82,0.43641,0.9955,0.112283365,0.0062504,90000,0,5.039248232,NA
"TKL",NA,NA,NA,NA,NA,0,NA,0,NA,NA,NA,6.58,NA,NA,NA,NA,0,NA,NA,0,NA,NA,NA,NA
"TKM",NA,NA,78.2,2.786111259,5.469128927,4127,14837.43,15000,NA,NA,NA,3.25,2.5,0,NA,63,0.313373,0.9976,0.043005638,0.0051184,0,0,2.8571393,NA
"TLS",NA,0.417305,96.1,1.779580103,0.47800226,686,1598.72,0,3.594,0,NA,13.05,26.9,0,NA,NA,0.192248,0.9996,0.102631957,0.0284916,110395,0.001188646,2.742897511,NA
"TON",NA,0.431459667,NA,1.484370917,2.699963769,9,183.07,0,3.342,334,NA,15.92,NA,0,NA,NA,0.0203276,NA,0.089518231,0.019102667,4105,NA,NA,NA
"TTO",NA,0.679731,100.7,1.56168233,7.919804771,234.476,338.72,0,3.745,0,2.469219848,30.6,7.4,0,NA,NA,0.27275,0.9818,0.16999581,0.054268,96640,0.001705253,1.430645168,NA
"TUN",NA,0.034276967,85.3,0.931269545,2.336073083,1041,24319.89,1192,3.085,81053,54.98490808,7.91,2.5,0,NA,16,0.123091,0.9939,0.063680933,0.007743333,3914000,0.00839946,3.567060489,NA
"TUR",2365753,0.092273633,86.8,1.520609091,3.332443183,11715,108375.14,34176,3.06,1492492,54.08383353,0.22,2.5,13,NA,87,0.13578,0.9913,0.004435407,0.04421,22835000,0.00275676,6.254687113,79449.54
"TUV",NA,0.196634433,NA,NA,NA,1,195.57,0,2.091,0,NA,2.39,NA,0,NA,NA,0,NA,NA,0,NA,NA,NA,NA
"TWN",NA,0.474979333,NA,NA,NA,NA,NA,NA,3.084,157797,NA,19.72,NA,NA,NA,NA,0.311844,0.9798,0.140595906,NA,NA,NA,NA,18431.33333
"TZA",172052,0.126448233,91.9,1.078077783,1.322098635,46060,70406.73,311218,2.72,77802,74.66215974,38.12,32.1,0,NA,40,0.537517,0.9891,0.164018475,0.0158245,26408297,0.00423992,2.828408336,NA
"UGA",38975,0.169820333,92.1,0.586503808,1.243506855,2077,51569.8,396205,NA,5993,79.77531368,16.06,25.5,0,NA,15,0.318983,0.9912,0.163965371,0.030078375,46189575,0.00695493,6.83359506,NA
"UKR",2992592,0.240834333,82.5,2.267127529,2.844797899,9657,122325.92,20116,3.143,1019710,NA,3.96,2.5,18,NA,27,0.175897,0.9894,0.074488572,0.008876375,18337000,0.004395667,6.626147134,170531.7333
"UMI",NA,0.151819233,NA,NA,NA,NA,NA,NA,4.38666666666667,NA,NA,100.41,NA,NA,NA,NA,0,NA,NA,NA,NA,0,NA,NA
"URY",964608,0.099067033,62.3,10.32281074,2.911748232,1845,28092.65,3434,2.521,150696,56.7087826,3.5,2.5,5,NA,19,0.220971,0.9814,0.045078055,0.040637,12424000,0.010338592,4.929310868,42535
"USA",13781975,0.372793333,77.5,3.760656991,8.219309459,310095,741247.63,447913,3.68944444444444,12428482,68.33546523,12.97,2.5,22,NA,19,0.434071,0.9833,0.122068675,0.107741833,398692751,0.008195565,4.37590397,NA
"UZB",NA,NA,76.7,0.919156603,2.319306685,3219.9,31079.78,22954,NA,686736,NA,3.38,2.5,0,NA,15,0.352907,0.9834,0.04619657,0.0027072,36000,0,3.193765929,NA
"VAT",NA,NA,73,NA,NA,0,NA,NA,NA,NA,NA,NA,2.5,0,NA,NA,0,NA,NA,0.138522667,NA,0,NA,NA
"VCT",NA,0.675345,100.1,NA,NA,27,142.99,0,3.687,0,NA,22.44,6.2,0,NA,58,0.110733,NA,0.169613078,0.081593667,7257,5.92e-05,1.009679675,NA
"VEN",NA,0.699919,88.6,2.777099934,3.567190508,46683,34331.98,56369,3.407,285000,20.5475416,54.14,2.5,0,NA,35,0.640057,0.9927,0.166385764,0.018481,5514360,0.001086715,3.063686714,NA
"VGB",NA,0.338077,98.6,2.046820997,2.860863045,3.62,NA,0,3.073,NA,NA,8.54,NA,NA,NA,NA,0.023779,NA,0.169651035,0.083798,1507,0,NA,NA
"VIR",NA,0.333123,99.7,NA,NA,17.6,NA,0,3.906,NA,NA,14.64,NA,NA,NA,NA,0.07586,NA,0.169026958,0.081853429,NA,1.54e-05,1.033116341,NA
"VNM",157317,0.395763333,94.1,0.996035362,1.649597084,14773,126728.08,150100,2.551,1393012,37.19357116,7.58,11,8,NA,23,0.362362,0.9595,0.133351592,0.022973,26653820,0.013147205,8.698877273,NA
"VUT",NA,0.783925333,102.7,NA,NA,440,1529.24,0,3.003,0,NA,4.2,6.4,0,NA,38,0.134896,0.9993,0.047346539,0.065673,129000,0.002943027,0.618493299,NA
"WLF",NA,0.316103667,NA,1.509341689,2.065358689,5.83,NA,0,3.51,NA,NA,NA,NA,NA,NA,NA,0,NA,0.059834426,0.0172415,400,NA,NA,NA
"WSM",NA,0.348657333,NA,1.926636621,2.774919733,171,499.21,1,3.552,14,NA,6.77,2.5,0,0,60,0.0797385,1,0.08717378,0.1048665,75700,NA,NA,NA
"YEM",NA,NA,85.8,0.497249219,1.025240293,549,8612.55,0,3.012,22443,58.99153996,0.77,26.1,0,NA,15,0.354385,0.9917,0.052776351,0.0048344,505651,0,3.349318101,NA
"ZAF",1459436,0.1080484,66.3,1.15144651,3.307411415,9241,47057.43,32312,3.44533333333333,437325,52.6570705,14.13,2.5,0,20.59,25,0.424605,0.9967,0.107268864,0.069393375,26406172,0.011725831,3.412270935,NA
"ZMB",NA,0.0719146,87,2.231352255,0.990118697,48635,13674.36,83719,NA,125950,51.57008929,38.05,47.8,0,NA,32,0.524311,0.9945,0.168588645,0.011705286,10982026,0.003637825,3.076094359,NA
"ZWE",NA,NA,90.3,0.620596529,1.365903125,14062,16363.41,96962,NA,78457,31.50535304,27.21,33.4,0,NA,21,0.516864,0.9941,0.159462428,0.028245714,9663014,0.008669666,1.970060993,NA
